Slide,Start,End,Title,Visual direction
1,00:00:00.000,00:00:35.000,AI Strategy and Transformation,Slides; presenter
2,00:00:35.000,00:01:40.000,The executive question,Slides; presenter
3,00:01:40.000,00:02:45.000,Learning outcomes,Slides; presenter
4,00:02:45.000,00:03:50.000,AI strategy is a choice system,Slides; presenter
5,00:03:50.000,00:04:55.000,Start with the mandate,Slides; presenter
6,00:04:55.000,00:06:00.000,Define the decision,Slides; presenter
7,00:06:00.000,00:07:05.000,Write the transformation thesis,Slides; presenter
8,00:07:05.000,00:08:10.000,Compare simpler alternatives,Slides; presenter
9,00:08:10.000,00:09:15.000,Readiness is use-case specific,Slides; presenter
10,00:09:15.000,00:10:20.000,The weakest dimension can bind,Slides; presenter
11,00:10:20.000,00:11:25.000,Experience case 1,Slides; presenter
12,00:11:25.000,00:12:30.000,Experience case 2,Slides; presenter
13,00:12:30.000,00:13:35.000,Experience case 3,Slides; presenter
14,00:13:35.000,00:14:40.000,Experience case 4,Slides; presenter
15,00:14:40.000,00:15:45.000,Build the opportunity portfolio,Slides; presenter
16,00:15:45.000,00:16:50.000,Keep gates separate from scores,Slides; presenter
17,00:16:50.000,00:17:55.000,Test sensitivity,Slides; presenter
18,00:17:55.000,00:19:00.000,Record the decision,Slides; presenter
19,00:19:00.000,00:20:05.000,Design the operating model,Slides; presenter
20,00:20:05.000,00:21:10.000,Sequence dependencies,Slides; presenter
21,00:21:10.000,00:22:15.000,Pilot the operating model,Slides; presenter
22,00:22:15.000,00:23:20.000,Measure transformation value,Slides; presenter
23,00:23:20.000,00:24:25.000,Procure capability,Slides; presenter
24,00:24:25.000,00:25:30.000,Communicate uncertainty,Slides; presenter
25,00:25:30.000,00:26:35.000,Build local capability,Slides; presenter
26,00:26:35.000,00:27:40.000,Manage variation,Slides; presenter
27,00:27:40.000,00:29:10.000,Pause and decide,Slides; presenter
28,00:29:10.000,00:30:15.000,Answers and reasoning,Slides; presenter
29,00:30:15.000,00:31:20.000,Laboratory challenge,Slides; presenter; notebook demo
30,00:31:20.000,00:31:55.000,Executive close,Slides; presenter
